cluster,Id
6.00E+00,1
6.00E+00,2
6.00E+00,3
6.00E+00,4
6.00E+00,5
6.00E+00,6
6.00E+00,7
6.00E+00,8
6.00E+00,9
6.00E+00,10
6.00E+00,11
6.00E+00,12
6.00E+00,13
6.00E+00,14
6.00E+00,15
6.00E+00,16
6.00E+00,17
6.00E+00,18
6.00E+00,19
6.00E+00,20
6.00E+00,21
6.00E+00,22
6.00E+00,23
6.00E+00,24
6.00E+00,25
6.00E+00,26
6.00E+00,27
6.00E+00,28
6.00E+00,29
6.00E+00,30
6.00E+00,31
6.00E+00,32
6.00E+00,33
6.00E+00,34
6.00E+00,35
6.00E+00,36
6.00E+00,37
6.00E+00,38
6.00E+00,39
6.00E+00,40
6.00E+00,41
6.00E+00,42
6.00E+00,43
6.00E+00,44
6.00E+00,45
6.00E+00,46
6.00E+00,47
6.00E+00,48
6.00E+00,49
6.00E+00,50
6.00E+00,51
6.00E+00,52
6.00E+00,53
6.00E+00,54
6.00E+00,55
6.00E+00,56
6.00E+00,57
6.00E+00,58
6.00E+00,59
6.00E+00,60
6.00E+00,61
6.00E+00,62
6.00E+00,63
6.00E+00,64
6.00E+00,65
6.00E+00,66
6.00E+00,67
6.00E+00,68
6.00E+00,69
6.00E+00,70
6.00E+00,71
6.00E+00,72
6.00E+00,73
6.00E+00,74
6.00E+00,75
6.00E+00,76
6.00E+00,77
6.00E+00,78
6.00E+00,79
6.00E+00,80
6.00E+00,81
6.00E+00,82
6.00E+00,83
6.00E+00,84
6.00E+00,85
6.00E+00,86
6.00E+00,87
6.00E+00,88
6.00E+00,89
6.00E+00,90
6.00E+00,91
6.00E+00,92
6.00E+00,93
6.00E+00,94
6.00E+00,95
6.00E+00,96
6.00E+00,97
6.00E+00,98
6.00E+00,99
6.00E+00,100
6.00E+00,101
6.00E+00,102
6.00E+00,103
6.00E+00,104
6.00E+00,105
6.00E+00,106
6.00E+00,107
6.00E+00,108
6.00E+00,109
6.00E+00,110
6.00E+00,111
6.00E+00,112
6.00E+00,113
6.00E+00,114
6.00E+00,115
6.00E+00,116
6.00E+00,117
6.00E+00,118
6.00E+00,119
6.00E+00,120
6.00E+00,121
6.00E+00,122
6.00E+00,123
6.00E+00,124
6.00E+00,125
6.00E+00,126
6.00E+00,127
6.00E+00,128
6.00E+00,129
6.00E+00,130
6.00E+00,131
6.00E+00,132
6.00E+00,133
6.00E+00,134
6.00E+00,135
6.00E+00,136
6.00E+00,137
6.00E+00,138
4.00E+00,139
4.00E+00,140
4.00E+00,141
4.00E+00,142
4.00E+00,143
4.00E+00,144
4.00E+00,145
4.00E+00,146
4.00E+00,147
4.00E+00,148
4.00E+00,149
4.00E+00,150
4.00E+00,151
4.00E+00,152
6.00E+00,153
6.00E+00,154
4.00E+00,155
4.00E+00,156
4.00E+00,157
4.00E+00,158
4.00E+00,159
4.00E+00,160
4.00E+00,161
4.00E+00,162
4.00E+00,163
4.00E+00,164
4.00E+00,165
4.00E+00,166
4.00E+00,167
4.00E+00,168
6.00E+00,169
4.00E+00,170
6.00E+00,171
6.00E+00,172
6.00E+00,173
4.00E+00,174
0.00E+00,175
4.00E+00,176
6.00E+00,177
6.00E+00,178
0.00E+00,179
0.00E+00,180
0.00E+00,181
0.00E+00,182
0.00E+00,183
5.00E+00,184
0.00E+00,185
5.00E+00,186
5.00E+00,187
5.00E+00,188
5.00E+00,189
5.00E+00,190
5.00E+00,191
5.00E+00,192
5.00E+00,193
5.00E+00,194
5.00E+00,195
5.00E+00,196
5.00E+00,197
5.00E+00,198
5.00E+00,199
5.00E+00,200
5.00E+00,201
5.00E+00,202
5.00E+00,203
5.00E+00,204
5.00E+00,205
5.00E+00,206
5.00E+00,207
5.00E+00,208
5.00E+00,209
5.00E+00,210
5.00E+00,211
5.00E+00,212
5.00E+00,213
5.00E+00,214
5.00E+00,215
5.00E+00,216
5.00E+00,217
5.00E+00,218
5.00E+00,219
5.00E+00,220
5.00E+00,221
5.00E+00,222
5.00E+00,223
5.00E+00,224
5.00E+00,225
5.00E+00,226
5.00E+00,227
5.00E+00,228
5.00E+00,229
5.00E+00,230
5.00E+00,231
5.00E+00,232
5.00E+00,233
5.00E+00,234
5.00E+00,235
5.00E+00,236
5.00E+00,237
5.00E+00,238
5.00E+00,239
5.00E+00,240
5.00E+00,241
5.00E+00,242
5.00E+00,243
5.00E+00,244
5.00E+00,245
5.00E+00,246
5.00E+00,247
5.00E+00,248
5.00E+00,249
5.00E+00,250
5.00E+00,251
5.00E+00,252
5.00E+00,253
5.00E+00,254
5.00E+00,255
5.00E+00,256
5.00E+00,257
5.00E+00,258
5.00E+00,259
5.00E+00,260
5.00E+00,261
5.00E+00,262
5.00E+00,263
5.00E+00,264
5.00E+00,265
5.00E+00,266
5.00E+00,267
5.00E+00,268
5.00E+00,269
5.00E+00,270
5.00E+00,271
5.00E+00,272
5.00E+00,273
5.00E+00,274
5.00E+00,275
5.00E+00,276
5.00E+00,277
5.00E+00,278
5.00E+00,279
5.00E+00,280
5.00E+00,281
5.00E+00,282
5.00E+00,283
5.00E+00,284
5.00E+00,285
5.00E+00,286
5.00E+00,287
5.00E+00,288
5.00E+00,289
5.00E+00,290
5.00E+00,291
5.00E+00,292
5.00E+00,293
5.00E+00,294
5.00E+00,295
5.00E+00,296
5.00E+00,297
5.00E+00,298
5.00E+00,299
5.00E+00,300
5.00E+00,301
5.00E+00,302
5.00E+00,303
5.00E+00,304
5.00E+00,305
5.00E+00,306
5.00E+00,307
5.00E+00,308
5.00E+00,309
5.00E+00,310
5.00E+00,311
5.00E+00,312
5.00E+00,313
5.00E+00,314
5.00E+00,315
5.00E+00,316
5.00E+00,317
5.00E+00,318
5.00E+00,319
5.00E+00,320
5.00E+00,321
5.00E+00,322
5.00E+00,323
5.00E+00,324
5.00E+00,325
5.00E+00,326
5.00E+00,327
5.00E+00,328
5.00E+00,329
5.00E+00,330
5.00E+00,331
5.00E+00,332
5.00E+00,333
5.00E+00,334
5.00E+00,335
5.00E+00,336
5.00E+00,337
5.00E+00,338
5.00E+00,339
0.00E+00,340
0.00E+00,341
0.00E+00,342
0.00E+00,343
0.00E+00,344
0.00E+00,345
0.00E+00,346
0.00E+00,347
0.00E+00,348
0.00E+00,349
0.00E+00,350
0.00E+00,351
0.00E+00,352
0.00E+00,353
0.00E+00,354
0.00E+00,355
0.00E+00,356
0.00E+00,357
0.00E+00,358
0.00E+00,359
0.00E+00,360
0.00E+00,361
0.00E+00,362
0.00E+00,363
0.00E+00,364
0.00E+00,365
0.00E+00,366
0.00E+00,367
0.00E+00,368
0.00E+00,369
0.00E+00,370
0.00E+00,371
0.00E+00,372
0.00E+00,373
0.00E+00,374
0.00E+00,375
0.00E+00,376
0.00E+00,377
0.00E+00,378
0.00E+00,379
0.00E+00,380
0.00E+00,381
0.00E+00,382
0.00E+00,383
0.00E+00,384
0.00E+00,385
0.00E+00,386
0.00E+00,387
0.00E+00,388
0.00E+00,389
0.00E+00,390
4.00E+00,391
0.00E+00,392
4.00E+00,393
0.00E+00,394
0.00E+00,395
0.00E+00,396
0.00E+00,397
0.00E+00,398
0.00E+00,399
0.00E+00,400
0.00E+00,401
0.00E+00,402
0.00E+00,403
4.00E+00,404
4.00E+00,405
4.00E+00,406
4.00E+00,407
4.00E+00,408
4.00E+00,409
4.00E+00,410
4.00E+00,411
4.00E+00,412
4.00E+00,413
4.00E+00,414
4.00E+00,415
4.00E+00,416
4.00E+00,417
4.00E+00,418
4.00E+00,419
4.00E+00,420
4.00E+00,421
4.00E+00,422
4.00E+00,423
4.00E+00,424
4.00E+00,425
4.00E+00,426
4.00E+00,427
4.00E+00,428
4.00E+00,429
4.00E+00,430
4.00E+00,431
4.00E+00,432
4.00E+00,433
4.00E+00,434
4.00E+00,435
4.00E+00,436
4.00E+00,437
4.00E+00,438
4.00E+00,439
4.00E+00,440
4.00E+00,441
4.00E+00,442
4.00E+00,443
4.00E+00,444
4.00E+00,445
4.00E+00,446
4.00E+00,447
4.00E+00,448
4.00E+00,449
4.00E+00,450
4.00E+00,451
4.00E+00,452
4.00E+00,453
4.00E+00,454
4.00E+00,455
4.00E+00,456
4.00E+00,457
4.00E+00,458
4.00E+00,459
4.00E+00,460
4.00E+00,461
4.00E+00,462
4.00E+00,463
4.00E+00,464
4.00E+00,465
4.00E+00,466
4.00E+00,467
4.00E+00,468
4.00E+00,469
4.00E+00,470
3.00E+00,471
3.00E+00,472
3.00E+00,473
3.00E+00,474
3.00E+00,475
3.00E+00,476
3.00E+00,477
3.00E+00,478
3.00E+00,479
3.00E+00,480
3.00E+00,481
3.00E+00,482
3.00E+00,483
3.00E+00,484
3.00E+00,485
3.00E+00,486
3.00E+00,487
3.00E+00,488
3.00E+00,489
3.00E+00,490
3.00E+00,491
3.00E+00,492
3.00E+00,493
3.00E+00,494
3.00E+00,495
3.00E+00,496
3.00E+00,497
3.00E+00,498
3.00E+00,499
3.00E+00,500
3.00E+00,501
3.00E+00,502
3.00E+00,503
3.00E+00,504
3.00E+00,505
3.00E+00,506
3.00E+00,507
3.00E+00,508
3.00E+00,509
3.00E+00,510
3.00E+00,511
4.00E+00,512
8.00E+00,513
8.00E+00,514
8.00E+00,515
4.00E+00,516
4.00E+00,517
4.00E+00,518
4.00E+00,519
4.00E+00,520
4.00E+00,521
4.00E+00,522
4.00E+00,523
4.00E+00,524
4.00E+00,525
4.00E+00,526
4.00E+00,527
4.00E+00,528
4.00E+00,529
4.00E+00,530
4.00E+00,531
4.00E+00,532
4.00E+00,533
4.00E+00,534
4.00E+00,535
4.00E+00,536
4.00E+00,537
4.00E+00,538
4.00E+00,539
4.00E+00,540
4.00E+00,541
4.00E+00,542
4.00E+00,543
4.00E+00,544
4.00E+00,545
4.00E+00,546
4.00E+00,547
4.00E+00,548
4.00E+00,549
4.00E+00,550
4.00E+00,551
4.00E+00,552
4.00E+00,553
4.00E+00,554
4.00E+00,555
4.00E+00,556
4.00E+00,557
4.00E+00,558
4.00E+00,559
4.00E+00,560
4.00E+00,561
4.00E+00,562
4.00E+00,563
4.00E+00,564
4.00E+00,565
4.00E+00,566
4.00E+00,567
4.00E+00,568
4.00E+00,569
4.00E+00,570
4.00E+00,571
4.00E+00,572
4.00E+00,573
4.00E+00,574
4.00E+00,575
4.00E+00,576
0.00E+00,577
4.00E+00,578
4.00E+00,579
4.00E+00,580
4.00E+00,581
4.00E+00,582
4.00E+00,583
4.00E+00,584
4.00E+00,585
4.00E+00,586
4.00E+00,587
4.00E+00,588
4.00E+00,589
4.00E+00,590
4.00E+00,591
4.00E+00,592
4.00E+00,593
4.00E+00,594
4.00E+00,595
4.00E+00,596
4.00E+00,597
4.00E+00,598
4.00E+00,599
4.00E+00,600
4.00E+00,601
4.00E+00,602
4.00E+00,603
4.00E+00,604
4.00E+00,605
0.00E+00,606
0.00E+00,607
4.00E+00,608
4.00E+00,609
4.00E+00,610
0.00E+00,611
0.00E+00,612
0.00E+00,613
0.00E+00,614
0.00E+00,615
0.00E+00,616
0.00E+00,617
0.00E+00,618
0.00E+00,619
0.00E+00,620
0.00E+00,621
0.00E+00,622
0.00E+00,623
0.00E+00,624
0.00E+00,625
0.00E+00,626
0.00E+00,627
0.00E+00,628
0.00E+00,629
0.00E+00,630
0.00E+00,631
0.00E+00,632
0.00E+00,633
0.00E+00,634
0.00E+00,635
0.00E+00,636
0.00E+00,637
0.00E+00,638
0.00E+00,639
0.00E+00,640
0.00E+00,641
0.00E+00,642
0.00E+00,643
0.00E+00,644
0.00E+00,645
0.00E+00,646
0.00E+00,647
0.00E+00,648
0.00E+00,649
0.00E+00,650
0.00E+00,651
0.00E+00,652
0.00E+00,653
0.00E+00,654
0.00E+00,655
0.00E+00,656
0.00E+00,657
0.00E+00,658
0.00E+00,659
0.00E+00,660
0.00E+00,661
0.00E+00,662
0.00E+00,663
0.00E+00,664
0.00E+00,665
0.00E+00,666
0.00E+00,667
0.00E+00,668
0.00E+00,669
0.00E+00,670
0.00E+00,671
0.00E+00,672
0.00E+00,673
0.00E+00,674
0.00E+00,675
0.00E+00,676
0.00E+00,677
0.00E+00,678
0.00E+00,679
0.00E+00,680
0.00E+00,681
0.00E+00,682
0.00E+00,683
0.00E+00,684
0.00E+00,685
0.00E+00,686
0.00E+00,687
0.00E+00,688
0.00E+00,689
0.00E+00,690
0.00E+00,691
0.00E+00,692
5.00E+00,693
5.00E+00,694
5.00E+00,695
5.00E+00,696
5.00E+00,697
5.00E+00,698
5.00E+00,699
5.00E+00,700
5.00E+00,701
0.00E+00,702
5.00E+00,703
5.00E+00,704
5.00E+00,705
5.00E+00,706
5.00E+00,707
5.00E+00,708
5.00E+00,709
0.00E+00,710
0.00E+00,711
5.00E+00,712
5.00E+00,713
5.00E+00,714
5.00E+00,715
0.00E+00,716
0.00E+00,717
0.00E+00,718
0.00E+00,719
5.00E+00,720
5.00E+00,721
5.00E+00,722
5.00E+00,723
5.00E+00,724
5.00E+00,725
5.00E+00,726
5.00E+00,727
5.00E+00,728
5.00E+00,729
5.00E+00,730
5.00E+00,731
5.00E+00,732
5.00E+00,733
5.00E+00,734
5.00E+00,735
5.00E+00,736
5.00E+00,737
5.00E+00,738
5.00E+00,739
5.00E+00,740
5.00E+00,741
5.00E+00,742
5.00E+00,743
5.00E+00,744
5.00E+00,745
5.00E+00,746
5.00E+00,747
5.00E+00,748
5.00E+00,749
5.00E+00,750
5.00E+00,751
5.00E+00,752
5.00E+00,753
5.00E+00,754
5.00E+00,755
5.00E+00,756
5.00E+00,757
5.00E+00,758
5.00E+00,759
5.00E+00,760
5.00E+00,761
5.00E+00,762
5.00E+00,763
5.00E+00,764
5.00E+00,765
5.00E+00,766
5.00E+00,767
5.00E+00,768
5.00E+00,769
5.00E+00,770
5.00E+00,771
5.00E+00,772
5.00E+00,773
5.00E+00,774
5.00E+00,775
5.00E+00,776
5.00E+00,777
5.00E+00,778
5.00E+00,779
5.00E+00,780
5.00E+00,781
5.00E+00,782
5.00E+00,783
5.00E+00,784
5.00E+00,785
5.00E+00,786
5.00E+00,787
5.00E+00,788
5.00E+00,789
5.00E+00,790
5.00E+00,791
5.00E+00,792
5.00E+00,793
5.00E+00,794
5.00E+00,795
5.00E+00,796
5.00E+00,797
5.00E+00,798
5.00E+00,799
5.00E+00,800
5.00E+00,801
5.00E+00,802
5.00E+00,803
5.00E+00,804
5.00E+00,805
5.00E+00,806
5.00E+00,807
5.00E+00,808
0.00E+00,809
2.00E+00,810
5.00E+00,811
0.00E+00,812
0.00E+00,813
0.00E+00,814
0.00E+00,815
0.00E+00,816
0.00E+00,817
0.00E+00,818
0.00E+00,819
0.00E+00,820
0.00E+00,821
0.00E+00,822
0.00E+00,823
0.00E+00,824
0.00E+00,825
0.00E+00,826
0.00E+00,827
0.00E+00,828
0.00E+00,829
0.00E+00,830
0.00E+00,831
0.00E+00,832
0.00E+00,833
0.00E+00,834
0.00E+00,835
0.00E+00,836
0.00E+00,837
0.00E+00,838
0.00E+00,839
0.00E+00,840
0.00E+00,841
0.00E+00,842
0.00E+00,843
0.00E+00,844
0.00E+00,845
0.00E+00,846
0.00E+00,847
0.00E+00,848
0.00E+00,849
0.00E+00,850
0.00E+00,851
0.00E+00,852
0.00E+00,853
0.00E+00,854
0.00E+00,855
0.00E+00,856
0.00E+00,857
0.00E+00,858
0.00E+00,859
0.00E+00,860
0.00E+00,861
0.00E+00,862
0.00E+00,863
0.00E+00,864
0.00E+00,865
0.00E+00,866
0.00E+00,867
0.00E+00,868
0.00E+00,869
0.00E+00,870
0.00E+00,871
0.00E+00,872
4.00E+00,873
4.00E+00,874
4.00E+00,875
4.00E+00,876
0.00E+00,877
0.00E+00,878
4.00E+00,879
4.00E+00,880
4.00E+00,881
7.00E+00,882
4.00E+00,883
0.00E+00,884
0.00E+00,885
0.00E+00,886
4.00E+00,887
7.00E+00,888
0.00E+00,889
0.00E+00,890
0.00E+00,891
4.00E+00,892
4.00E+00,893
4.00E+00,894
4.00E+00,895
4.00E+00,896
4.00E+00,897
4.00E+00,898
4.00E+00,899
4.00E+00,900
4.00E+00,901
7.00E+00,902
4.00E+00,903
4.00E+00,904
4.00E+00,905
4.00E+00,906
4.00E+00,907
4.00E+00,908
4.00E+00,909
4.00E+00,910
4.00E+00,911
4.00E+00,912
4.00E+00,913
4.00E+00,914
4.00E+00,915
4.00E+00,916
4.00E+00,917
4.00E+00,918
8.00E+00,919
8.00E+00,920
8.00E+00,921
8.00E+00,922
8.00E+00,923
8.00E+00,924
8.00E+00,925
8.00E+00,926
8.00E+00,927
8.00E+00,928
4.00E+00,929
8.00E+00,930
8.00E+00,931
8.00E+00,932
8.00E+00,933
8.00E+00,934
8.00E+00,935
8.00E+00,936
8.00E+00,937
8.00E+00,938
8.00E+00,939
8.00E+00,940
8.00E+00,941
8.00E+00,942
8.00E+00,943
8.00E+00,944
8.00E+00,945
8.00E+00,946
8.00E+00,947
8.00E+00,948
8.00E+00,949
8.00E+00,950
8.00E+00,951
8.00E+00,952
8.00E+00,953
8.00E+00,954
8.00E+00,955
8.00E+00,956
8.00E+00,957
8.00E+00,958
8.00E+00,959
8.00E+00,960
8.00E+00,961
8.00E+00,962
8.00E+00,963
8.00E+00,964
8.00E+00,965
8.00E+00,966
8.00E+00,967
8.00E+00,968
8.00E+00,969
8.00E+00,970
3.00E+00,971
3.00E+00,972
3.00E+00,973
3.00E+00,974
3.00E+00,975
8.00E+00,976
3.00E+00,977
3.00E+00,978
3.00E+00,979
3.00E+00,980
3.00E+00,981
3.00E+00,982
3.00E+00,983
3.00E+00,984
3.00E+00,985
3.00E+00,986
3.00E+00,987
3.00E+00,988
3.00E+00,989
3.00E+00,990
3.00E+00,991
3.00E+00,992
3.00E+00,993
3.00E+00,994
3.00E+00,995
3.00E+00,996
3.00E+00,997
3.00E+00,998
3.00E+00,999
3.00E+00,1000
3.00E+00,1001
3.00E+00,1002
3.00E+00,1003
3.00E+00,1004
3.00E+00,1005
7.00E+00,1006
7.00E+00,1007
7.00E+00,1008
7.00E+00,1009
7.00E+00,1010
7.00E+00,1011
7.00E+00,1012
7.00E+00,1013
7.00E+00,1014
7.00E+00,1015
7.00E+00,1016
7.00E+00,1017
7.00E+00,1018
7.00E+00,1019
7.00E+00,1020
7.00E+00,1021
7.00E+00,1022
7.00E+00,1023
7.00E+00,1024
7.00E+00,1025
7.00E+00,1026
7.00E+00,1027
7.00E+00,1028
7.00E+00,1029
7.00E+00,1030
7.00E+00,1031
7.00E+00,1032
7.00E+00,1033
7.00E+00,1034
7.00E+00,1035
7.00E+00,1036
7.00E+00,1037
7.00E+00,1038
7.00E+00,1039
7.00E+00,1040
7.00E+00,1041
7.00E+00,1042
7.00E+00,1043
7.00E+00,1044
7.00E+00,1045
7.00E+00,1046
7.00E+00,1047
7.00E+00,1048
7.00E+00,1049
7.00E+00,1050
7.00E+00,1051
7.00E+00,1052
7.00E+00,1053
7.00E+00,1054
7.00E+00,1055
7.00E+00,1056
7.00E+00,1057
7.00E+00,1058
7.00E+00,1059
7.00E+00,1060
7.00E+00,1061
7.00E+00,1062
7.00E+00,1063
7.00E+00,1064
7.00E+00,1065
7.00E+00,1066
7.00E+00,1067
7.00E+00,1068
7.00E+00,1069
7.00E+00,1070
7.00E+00,1071
7.00E+00,1072
7.00E+00,1073
7.00E+00,1074
2.00E+00,1075
2.00E+00,1076
2.00E+00,1077
2.00E+00,1078
2.00E+00,1079
2.00E+00,1080
2.00E+00,1081
2.00E+00,1082
2.00E+00,1083
2.00E+00,1084
2.00E+00,1085
2.00E+00,1086
2.00E+00,1087
2.00E+00,1088
2.00E+00,1089
2.00E+00,1090
2.00E+00,1091
2.00E+00,1092
2.00E+00,1093
8.00E+00,1094
8.00E+00,1095
8.00E+00,1096
8.00E+00,1097
8.00E+00,1098
8.00E+00,1099
8.00E+00,1100
8.00E+00,1101
8.00E+00,1102
8.00E+00,1103
8.00E+00,1104
8.00E+00,1105
8.00E+00,1106
8.00E+00,1107
8.00E+00,1108
8.00E+00,1109
8.00E+00,1110
8.00E+00,1111
8.00E+00,1112
8.00E+00,1113
8.00E+00,1114
8.00E+00,1115
8.00E+00,1116
8.00E+00,1117
8.00E+00,1118
8.00E+00,1119
8.00E+00,1120
8.00E+00,1121
8.00E+00,1122
8.00E+00,1123
8.00E+00,1124
8.00E+00,1125
8.00E+00,1126
8.00E+00,1127
8.00E+00,1128
8.00E+00,1129
8.00E+00,1130
8.00E+00,1131
8.00E+00,1132
8.00E+00,1133
8.00E+00,1134
8.00E+00,1135
8.00E+00,1136
8.00E+00,1137
8.00E+00,1138
8.00E+00,1139
8.00E+00,1140
8.00E+00,1141
3.00E+00,1142
3.00E+00,1143
3.00E+00,1144
3.00E+00,1145
3.00E+00,1146
3.00E+00,1147
3.00E+00,1148
3.00E+00,1149
3.00E+00,1150
3.00E+00,1151
3.00E+00,1152
3.00E+00,1153
3.00E+00,1154
3.00E+00,1155
7.00E+00,1156
7.00E+00,1157
7.00E+00,1158
8.00E+00,1159
8.00E+00,1160
8.00E+00,1161
8.00E+00,1162
8.00E+00,1163
8.00E+00,1164
8.00E+00,1165
8.00E+00,1166
8.00E+00,1167
8.00E+00,1168
8.00E+00,1169
8.00E+00,1170
8.00E+00,1171
8.00E+00,1172
8.00E+00,1173
8.00E+00,1174
7.00E+00,1175
7.00E+00,1176
7.00E+00,1177
7.00E+00,1178
7.00E+00,1179
7.00E+00,1180
7.00E+00,1181
7.00E+00,1182
7.00E+00,1183
7.00E+00,1184
7.00E+00,1185
7.00E+00,1186
7.00E+00,1187
7.00E+00,1188
7.00E+00,1189
7.00E+00,1190
7.00E+00,1191
7.00E+00,1192
7.00E+00,1193
7.00E+00,1194
7.00E+00,1195
7.00E+00,1196
7.00E+00,1197
7.00E+00,1198
7.00E+00,1199
7.00E+00,1200
7.00E+00,1201
7.00E+00,1202
7.00E+00,1203
7.00E+00,1204
7.00E+00,1205
7.00E+00,1206
7.00E+00,1207
7.00E+00,1208
7.00E+00,1209
7.00E+00,1210
7.00E+00,1211
7.00E+00,1212
7.00E+00,1213
7.00E+00,1214
7.00E+00,1215
7.00E+00,1216
7.00E+00,1217
7.00E+00,1218
7.00E+00,1219
7.00E+00,1220
7.00E+00,1221
7.00E+00,1222
7.00E+00,1223
7.00E+00,1224
7.00E+00,1225
7.00E+00,1226
7.00E+00,1227
2.00E+00,1228
2.00E+00,1229
7.00E+00,1230
7.00E+00,1231
7.00E+00,1232
7.00E+00,1233
7.00E+00,1234
7.00E+00,1235
7.00E+00,1236
7.00E+00,1237
7.00E+00,1238
7.00E+00,1239
7.00E+00,1240
7.00E+00,1241
7.00E+00,1242
7.00E+00,1243
7.00E+00,1244
7.00E+00,1245
7.00E+00,1246
7.00E+00,1247
7.00E+00,1248
7.00E+00,1249
7.00E+00,1250
7.00E+00,1251
7.00E+00,1252
7.00E+00,1253
7.00E+00,1254
7.00E+00,1255
2.00E+00,1256
2.00E+00,1257
2.00E+00,1258
2.00E+00,1259
2.00E+00,1260
2.00E+00,1261
2.00E+00,1262
2.00E+00,1263
2.00E+00,1264
2.00E+00,1265
2.00E+00,1266
2.00E+00,1267
2.00E+00,1268
2.00E+00,1269
2.00E+00,1270
2.00E+00,1271
2.00E+00,1272
2.00E+00,1273
2.00E+00,1274
2.00E+00,1275
2.00E+00,1276
2.00E+00,1277
2.00E+00,1278
2.00E+00,1279
2.00E+00,1280
2.00E+00,1281
2.00E+00,1282
2.00E+00,1283
2.00E+00,1284
2.00E+00,1285
2.00E+00,1286
2.00E+00,1287
2.00E+00,1288
2.00E+00,1289
2.00E+00,1290
2.00E+00,1291
2.00E+00,1292
2.00E+00,1293
2.00E+00,1294
2.00E+00,1295
2.00E+00,1296
2.00E+00,1297
2.00E+00,1298
2.00E+00,1299
2.00E+00,1300
2.00E+00,1301
2.00E+00,1302
2.00E+00,1303
2.00E+00,1304
2.00E+00,1305
2.00E+00,1306
2.00E+00,1307
2.00E+00,1308
2.00E+00,1309
2.00E+00,1310
2.00E+00,1311
2.00E+00,1312
2.00E+00,1313
2.00E+00,1314
2.00E+00,1315
2.00E+00,1316
2.00E+00,1317
2.00E+00,1318
2.00E+00,1319
2.00E+00,1320
2.00E+00,1321
2.00E+00,1322
2.00E+00,1323
2.00E+00,1324
2.00E+00,1325
2.00E+00,1326
2.00E+00,1327
2.00E+00,1328
2.00E+00,1329
2.00E+00,1330
2.00E+00,1331
2.00E+00,1332
2.00E+00,1333
2.00E+00,1334
2.00E+00,1335
8.00E+00,1336
8.00E+00,1337
8.00E+00,1338
8.00E+00,1339
8.00E+00,1340
8.00E+00,1341
8.00E+00,1342
8.00E+00,1343
8.00E+00,1344
8.00E+00,1345
8.00E+00,1346
8.00E+00,1347
8.00E+00,1348
8.00E+00,1349
8.00E+00,1350
8.00E+00,1351
8.00E+00,1352
8.00E+00,1353
7.00E+00,1354
7.00E+00,1355
7.00E+00,1356
7.00E+00,1357
7.00E+00,1358
7.00E+00,1359
7.00E+00,1360
7.00E+00,1361
7.00E+00,1362
7.00E+00,1363
7.00E+00,1364
7.00E+00,1365
7.00E+00,1366
7.00E+00,1367
7.00E+00,1368
7.00E+00,1369
7.00E+00,1370
7.00E+00,1371
7.00E+00,1372
7.00E+00,1373
7.00E+00,1374
7.00E+00,1375
7.00E+00,1376
7.00E+00,1377
7.00E+00,1378
7.00E+00,1379
7.00E+00,1380
7.00E+00,1381
7.00E+00,1382
7.00E+00,1383
7.00E+00,1384
7.00E+00,1385
7.00E+00,1386
7.00E+00,1387
7.00E+00,1388
7.00E+00,1389
7.00E+00,1390
7.00E+00,1391
7.00E+00,1392
7.00E+00,1393
7.00E+00,1394
7.00E+00,1395
7.00E+00,1396
7.00E+00,1397
7.00E+00,1398
7.00E+00,1399
7.00E+00,1400
7.00E+00,1401
7.00E+00,1402
7.00E+00,1403
7.00E+00,1404
7.00E+00,1405
7.00E+00,1406
7.00E+00,1407
7.00E+00,1408
7.00E+00,1409
7.00E+00,1410
7.00E+00,1411
7.00E+00,1412
7.00E+00,1413
7.00E+00,1414
7.00E+00,1415
7.00E+00,1416
7.00E+00,1417
7.00E+00,1418
7.00E+00,1419
7.00E+00,1420
7.00E+00,1421
7.00E+00,1422
7.00E+00,1423
7.00E+00,1424
7.00E+00,1425
7.00E+00,1426
7.00E+00,1427
7.00E+00,1428
7.00E+00,1429
2.00E+00,1430
2.00E+00,1431
2.00E+00,1432
2.00E+00,1433
2.00E+00,1434
2.00E+00,1435
7.00E+00,1436
7.00E+00,1437
7.00E+00,1438
7.00E+00,1439
7.00E+00,1440
7.00E+00,1441
7.00E+00,1442
7.00E+00,1443
7.00E+00,1444
7.00E+00,1445
7.00E+00,1446
7.00E+00,1447
7.00E+00,1448
7.00E+00,1449
7.00E+00,1450
7.00E+00,1451
7.00E+00,1452
7.00E+00,1453
7.00E+00,1454
2.00E+00,1455
2.00E+00,1456
2.00E+00,1457
2.00E+00,1458
2.00E+00,1459
2.00E+00,1460
2.00E+00,1461
2.00E+00,1462
2.00E+00,1463
2.00E+00,1464
2.00E+00,1465
2.00E+00,1466
2.00E+00,1467
2.00E+00,1468
2.00E+00,1469
2.00E+00,1470
2.00E+00,1471
2.00E+00,1472
2.00E+00,1473
2.00E+00,1474
2.00E+00,1475
2.00E+00,1476
2.00E+00,1477
2.00E+00,1478
2.00E+00,1479
2.00E+00,1480
2.00E+00,1481
2.00E+00,1482
2.00E+00,1483
2.00E+00,1484
2.00E+00,1485
2.00E+00,1486
2.00E+00,1487
2.00E+00,1488
2.00E+00,1489
2.00E+00,1490
2.00E+00,1491
2.00E+00,1492
2.00E+00,1493
2.00E+00,1494
2.00E+00,1495
2.00E+00,1496
2.00E+00,1497
2.00E+00,1498
2.00E+00,1499
2.00E+00,1500
2.00E+00,1501
2.00E+00,1502
2.00E+00,1503
2.00E+00,1504
2.00E+00,1505
2.00E+00,1506
2.00E+00,1507
1.00E+00,1508
7.00E+00,1509
7.00E+00,1510
7.00E+00,1511
7.00E+00,1512
1.00E+00,1513
7.00E+00,1514
8.00E+00,1515
7.00E+00,1516
7.00E+00,1517
7.00E+00,1518
1.00E+00,1519
1.00E+00,1520
1.00E+00,1521
1.00E+00,1522
1.00E+00,1523
1.00E+00,1524
9.00E+00,1525
1.00E+00,1526
9.00E+00,1527
1.00E+00,1528
1.00E+00,1529
9.00E+00,1530
9.00E+00,1531
7.00E+00,1532
2.00E+00,1533
2.00E+00,1534
9.00E+00,1535
7.00E+00,1536
9.00E+00,1537
7.00E+00,1538
2.00E+00,1539
2.00E+00,1540
2.00E+00,1541
2.00E+00,1542
2.00E+00,1543
2.00E+00,1544
1.00E+00,1545
1.00E+00,1546
1.00E+00,1547
9.00E+00,1548
9.00E+00,1549
9.00E+00,1550
9.00E+00,1551
9.00E+00,1552
9.00E+00,1553
9.00E+00,1554
9.00E+00,1555
9.00E+00,1556
9.00E+00,1557
9.00E+00,1558
9.00E+00,1559
9.00E+00,1560
9.00E+00,1561
9.00E+00,1562
9.00E+00,1563
9.00E+00,1564
9.00E+00,1565
9.00E+00,1566
9.00E+00,1567
9.00E+00,1568
9.00E+00,1569
9.00E+00,1570
9.00E+00,1571
9.00E+00,1572
9.00E+00,1573
9.00E+00,1574
9.00E+00,1575
9.00E+00,1576
9.00E+00,1577
9.00E+00,1578
9.00E+00,1579
9.00E+00,1580
9.00E+00,1581
9.00E+00,1582
9.00E+00,1583
9.00E+00,1584
9.00E+00,1585
9.00E+00,1586
9.00E+00,1587
9.00E+00,1588
9.00E+00,1589
9.00E+00,1590
9.00E+00,1591
9.00E+00,1592
9.00E+00,1593
9.00E+00,1594
9.00E+00,1595
9.00E+00,1596
9.00E+00,1597
9.00E+00,1598
9.00E+00,1599
9.00E+00,1600
9.00E+00,1601
9.00E+00,1602
9.00E+00,1603
9.00E+00,1604
9.00E+00,1605
9.00E+00,1606
9.00E+00,1607
9.00E+00,1608
9.00E+00,1609
9.00E+00,1610
9.00E+00,1611
9.00E+00,1612
9.00E+00,1613
9.00E+00,1614
9.00E+00,1615
9.00E+00,1616
9.00E+00,1617
9.00E+00,1618
9.00E+00,1619
9.00E+00,1620
1.00E+00,1621
1.00E+00,1622
1.00E+00,1623
1.00E+00,1624
1.00E+00,1625
1.00E+00,1626
1.00E+00,1627
1.00E+00,1628
1.00E+00,1629
1.00E+00,1630
9.00E+00,1631
9.00E+00,1632
9.00E+00,1633
9.00E+00,1634
9.00E+00,1635
1.00E+00,1636
1.00E+00,1637
1.00E+00,1638
1.00E+00,1639
1.00E+00,1640
1.00E+00,1641
1.00E+00,1642
1.00E+00,1643
1.00E+00,1644
1.00E+00,1645
1.00E+00,1646
1.00E+00,1647
1.00E+00,1648
1.00E+00,1649
1.00E+00,1650
1.00E+00,1651
1.00E+00,1652
1.00E+00,1653
1.00E+00,1654
1.00E+00,1655
1.00E+00,1656
1.00E+00,1657
1.00E+00,1658
1.00E+00,1659
1.00E+00,1660
1.00E+00,1661
9.00E+00,1662
9.00E+00,1663
9.00E+00,1664
9.00E+00,1665
9.00E+00,1666
9.00E+00,1667
9.00E+00,1668
9.00E+00,1669
9.00E+00,1670
9.00E+00,1671
9.00E+00,1672
9.00E+00,1673
9.00E+00,1674
9.00E+00,1675
9.00E+00,1676
9.00E+00,1677
3.00E+00,1678
3.00E+00,1679
3.00E+00,1680
3.00E+00,1681
0.00E+00,1682
0.00E+00,1683
0.00E+00,1684
0.00E+00,1685
0.00E+00,1686
0.00E+00,1687
0.00E+00,1688
0.00E+00,1689
0.00E+00,1690
0.00E+00,1691
0.00E+00,1692
0.00E+00,1693
0.00E+00,1694
0.00E+00,1695
0.00E+00,1696
0.00E+00,1697
0.00E+00,1698
0.00E+00,1699
0.00E+00,1700
0.00E+00,1701
0.00E+00,1702
0.00E+00,1703
0.00E+00,1704
0.00E+00,1705
0.00E+00,1706
4.00E+00,1707
0.00E+00,1708
0.00E+00,1709
0.00E+00,1710
4.00E+00,1711
4.00E+00,1712
4.00E+00,1713
4.00E+00,1714
4.00E+00,1715
4.00E+00,1716
4.00E+00,1717
4.00E+00,1718
4.00E+00,1719
4.00E+00,1720
4.00E+00,1721
4.00E+00,1722
4.00E+00,1723
4.00E+00,1724
4.00E+00,1725
4.00E+00,1726
4.00E+00,1727
4.00E+00,1728
4.00E+00,1729
4.00E+00,1730
4.00E+00,1731
4.00E+00,1732
4.00E+00,1733
4.00E+00,1734
4.00E+00,1735
4.00E+00,1736
4.00E+00,1737
4.00E+00,1738
4.00E+00,1739
4.00E+00,1740
4.00E+00,1741
4.00E+00,1742
6.00E+00,1743
6.00E+00,1744
6.00E+00,1745
6.00E+00,1746
6.00E+00,1747
6.00E+00,1748
6.00E+00,1749
6.00E+00,1750
6.00E+00,1751
6.00E+00,1752
6.00E+00,1753
4.00E+00,1754
6.00E+00,1755
0.00E+00,1756
0.00E+00,1757
0.00E+00,1758
0.00E+00,1759
0.00E+00,1760
0.00E+00,1761
0.00E+00,1762
0.00E+00,1763
5.00E+00,1764
5.00E+00,1765
0.00E+00,1766
5.00E+00,1767
0.00E+00,1768
0.00E+00,1769
6.00E+00,1770
6.00E+00,1771
6.00E+00,1772
6.00E+00,1773
6.00E+00,1774
5.00E+00,1775
5.00E+00,1776
5.00E+00,1777
5.00E+00,1778
5.00E+00,1779
5.00E+00,1780
5.00E+00,1781
5.00E+00,1782
5.00E+00,1783
5.00E+00,1784
5.00E+00,1785
5.00E+00,1786
5.00E+00,1787
5.00E+00,1788
5.00E+00,1789
5.00E+00,1790
5.00E+00,1791
5.00E+00,1792
5.00E+00,1793
5.00E+00,1794
5.00E+00,1795
5.00E+00,1796
5.00E+00,1797
5.00E+00,1798
5.00E+00,1799
5.00E+00,1800
5.00E+00,1801
5.00E+00,1802
5.00E+00,1803
5.00E+00,1804
0.00E+00,1805
0.00E+00,1806
5.00E+00,1807
5.00E+00,1808
5.00E+00,1809
2.00E+00,1810
2.00E+00,1811
2.00E+00,1812
2.00E+00,1813
2.00E+00,1814
2.00E+00,1815
2.00E+00,1816
2.00E+00,1817
2.00E+00,1818
2.00E+00,1819
2.00E+00,1820
2.00E+00,1821
2.00E+00,1822
2.00E+00,1823
2.00E+00,1824
7.00E+00,1825
7.00E+00,1826
7.00E+00,1827
7.00E+00,1828
9.00E+00,1829
9.00E+00,1830
9.00E+00,1831
9.00E+00,1832
9.00E+00,1833
9.00E+00,1834
9.00E+00,1835
9.00E+00,1836
9.00E+00,1837
9.00E+00,1838
9.00E+00,1839
9.00E+00,1840
9.00E+00,1841
9.00E+00,1842
9.00E+00,1843
9.00E+00,1844
9.00E+00,1845
9.00E+00,1846
9.00E+00,1847
9.00E+00,1848
9.00E+00,1849
9.00E+00,1850
9.00E+00,1851
9.00E+00,1852
1.00E+00,1853
1.00E+00,1854
2.00E+00,1855
7.00E+00,1856
7.00E+00,1857
7.00E+00,1858
7.00E+00,1859
7.00E+00,1860
7.00E+00,1861
7.00E+00,1862
7.00E+00,1863
7.00E+00,1864
7.00E+00,1865
7.00E+00,1866
7.00E+00,1867
7.00E+00,1868
7.00E+00,1869
7.00E+00,1870
7.00E+00,1871
7.00E+00,1872
7.00E+00,1873
7.00E+00,1874
7.00E+00,1875
7.00E+00,1876
7.00E+00,1877
7.00E+00,1878
7.00E+00,1879
4.00E+00,1880
4.00E+00,1881
4.00E+00,1882
4.00E+00,1883
8.00E+00,1884
8.00E+00,1885
4.00E+00,1886
4.00E+00,1887
8.00E+00,1888
8.00E+00,1889
8.00E+00,1890
4.00E+00,1891
4.00E+00,1892
7.00E+00,1893
8.00E+00,1894
7.00E+00,1895
7.00E+00,1896
7.00E+00,1897
7.00E+00,1898
8.00E+00,1899
8.00E+00,1900
8.00E+00,1901
8.00E+00,1902
8.00E+00,1903
8.00E+00,1904
8.00E+00,1905
8.00E+00,1906
8.00E+00,1907
8.00E+00,1908
8.00E+00,1909
8.00E+00,1910
8.00E+00,1911
8.00E+00,1912
8.00E+00,1913
8.00E+00,1914
8.00E+00,1915
8.00E+00,1916
8.00E+00,1917
8.00E+00,1918
3.00E+00,1919
3.00E+00,1920
3.00E+00,1921
3.00E+00,1922
1.00E+00,1923
1.00E+00,1924
1.00E+00,1925
1.00E+00,1926
1.00E+00,1927
1.00E+00,1928
1.00E+00,1929
1.00E+00,1930
8.00E+00,1931
3.00E+00,1932
3.00E+00,1933
3.00E+00,1934
3.00E+00,1935
3.00E+00,1936
3.00E+00,1937
3.00E+00,1938
3.00E+00,1939
3.00E+00,1940
3.00E+00,1941
3.00E+00,1942
4.00E+00,1943
4.00E+00,1944
4.00E+00,1945
3.00E+00,1946
3.00E+00,1947
3.00E+00,1948
3.00E+00,1949
4.00E+00,1950
4.00E+00,1951
4.00E+00,1952
6.00E+00,1953
6.00E+00,1954
6.00E+00,1955
6.00E+00,1956
6.00E+00,1957
4.00E+00,1958
4.00E+00,1959
4.00E+00,1960
4.00E+00,1961
4.00E+00,1962
4.00E+00,1963
0.00E+00,1964
5.00E+00,1965
5.00E+00,1966
0.00E+00,1967
5.00E+00,1968
5.00E+00,1969
2.00E+00,1970
2.00E+00,1971
9.00E+00,1972
9.00E+00,1973
4.00E+00,1974
4.00E+00,1975
4.00E+00,1976
4.00E+00,1977
4.00E+00,1978
4.00E+00,1979
4.00E+00,1980
0.00E+00,1981
0.00E+00,1982
0.00E+00,1983
5.00E+00,1984
0.00E+00,1985
0.00E+00,1986
5.00E+00,1987
5.00E+00,1988
5.00E+00,1989
4.00E+00,1990
0.00E+00,1991
2.00E+00,1992
2.00E+00,1993
4.00E+00,1994
4.00E+00,1995
4.00E+00,1996
4.00E+00,1997
7.00E+00,1998
0.00E+00,1999
0.00E+00,2000
4.00E+00,2001
4.00E+00,2002
4.00E+00,2003
4.00E+00,2004
5.00E+00,2005
5.00E+00,2006
5.00E+00,2007
2.00E+00,2008
0.00E+00,2009
2.00E+00,2010
2.00E+00,2011
2.00E+00,2012
0.00E+00,2013
2.00E+00,2014
6.00E+00,2015
4.00E+00,2016
7.00E+00,2017
7.00E+00,2018
7.00E+00,2019
7.00E+00,2020
7.00E+00,2021
7.00E+00,2022
7.00E+00,2023
7.00E+00,2024
7.00E+00,2025
7.00E+00,2026
7.00E+00,2027
7.00E+00,2028
7.00E+00,2029
7.00E+00,2030
7.00E+00,2031
7.00E+00,2032
7.00E+00,2033
7.00E+00,2034
7.00E+00,2035
7.00E+00,2036
7.00E+00,2037
7.00E+00,2038
7.00E+00,2039
7.00E+00,2040
7.00E+00,2041
7.00E+00,2042
7.00E+00,2043
7.00E+00,2044
7.00E+00,2045
7.00E+00,2046
7.00E+00,2047
7.00E+00,2048
7.00E+00,2049
7.00E+00,2050
7.00E+00,2051
7.00E+00,2052
7.00E+00,2053
7.00E+00,2054
7.00E+00,2055
5.00E+00,2056
5.00E+00,2057
5.00E+00,2058
5.00E+00,2059
5.00E+00,2060
0.00E+00,2061
5.00E+00,2062
5.00E+00,2063
5.00E+00,2064
5.00E+00,2065
5.00E+00,2066
6.00E+00,2067
6.00E+00,2068
6.00E+00,2069
6.00E+00,2070
6.00E+00,2071
6.00E+00,2072
6.00E+00,2073
6.00E+00,2074
6.00E+00,2075
6.00E+00,2076
6.00E+00,2077
6.00E+00,2078
6.00E+00,2079
6.00E+00,2080
6.00E+00,2081
6.00E+00,2082
4.00E+00,2083
4.00E+00,2084
4.00E+00,2085
4.00E+00,2086
4.00E+00,2087
4.00E+00,2088
4.00E+00,2089
7.00E+00,2090
7.00E+00,2091
9.00E+00,2092
9.00E+00,2093
9.00E+00,2094
9.00E+00,2095
9.00E+00,2096
9.00E+00,2097
9.00E+00,2098
9.00E+00,2099
9.00E+00,2100
9.00E+00,2101
7.00E+00,2102
9.00E+00,2103
9.00E+00,2104
9.00E+00,2105
9.00E+00,2106
9.00E+00,2107
9.00E+00,2108
9.00E+00,2109
9.00E+00,2110
9.00E+00,2111
9.00E+00,2112
9.00E+00,2113
9.00E+00,2114
9.00E+00,2115
9.00E+00,2116
9.00E+00,2117
9.00E+00,2118
9.00E+00,2119
9.00E+00,2120
9.00E+00,2121
9.00E+00,2122
9.00E+00,2123
9.00E+00,2124
9.00E+00,2125
8.00E+00,2126
8.00E+00,2127
8.00E+00,2128
8.00E+00,2129
8.00E+00,2130
8.00E+00,2131
8.00E+00,2132
8.00E+00,2133
8.00E+00,2134
8.00E+00,2135
9.00E+00,2136
9.00E+00,2137
9.00E+00,2138
9.00E+00,2139
8.00E+00,2140
8.00E+00,2141
1.00E+00,2142
3.00E+00,2143
3.00E+00,2144
8.00E+00,2145
8.00E+00,2146
8.00E+00,2147
8.00E+00,2148
8.00E+00,2149
8.00E+00,2150
8.00E+00,2151
3.00E+00,2152
8.00E+00,2153
3.00E+00,2154
8.00E+00,2155
8.00E+00,2156
3.00E+00,2157
3.00E+00,2158
3.00E+00,2159
3.00E+00,2160
3.00E+00,2161
3.00E+00,2162
3.00E+00,2163
3.00E+00,2164
7.00E+00,2165
7.00E+00,2166
7.00E+00,2167
7.00E+00,2168
7.00E+00,2169
7.00E+00,2170
0.00E+00,2171
0.00E+00,2172
0.00E+00,2173
4.00E+00,2174
0.00E+00,2175
0.00E+00,2176
7.00E+00,2177
0.00E+00,2178
0.00E+00,2179
0.00E+00,2180
0.00E+00,2181
7.00E+00,2182
7.00E+00,2183
7.00E+00,2184
7.00E+00,2185
7.00E+00,2186
7.00E+00,2187
7.00E+00,2188
7.00E+00,2189
7.00E+00,2190
4.00E+00,2191
4.00E+00,2192
4.00E+00,2193
7.00E+00,2194
7.00E+00,2195
7.00E+00,2196
7.00E+00,2197
7.00E+00,2198
7.00E+00,2199
7.00E+00,2200
7.00E+00,2201
7.00E+00,2202
7.00E+00,2203
7.00E+00,2204
7.00E+00,2205
7.00E+00,2206
7.00E+00,2207
7.00E+00,2208
7.00E+00,2209
7.00E+00,2210
7.00E+00,2211
7.00E+00,2212
7.00E+00,2213
7.00E+00,2214
7.00E+00,2215
7.00E+00,2216
0.00E+00,2217
0.00E+00,2218
0.00E+00,2219
0.00E+00,2220
0.00E+00,2221
0.00E+00,2222
0.00E+00,2223
0.00E+00,2224
0.00E+00,2225
0.00E+00,2226
0.00E+00,2227
0.00E+00,2228
0.00E+00,2229
0.00E+00,2230
0.00E+00,2231
0.00E+00,2232
0.00E+00,2233
0.00E+00,2234
0.00E+00,2235
0.00E+00,2236
0.00E+00,2237
0.00E+00,2238
0.00E+00,2239
0.00E+00,2240
0.00E+00,2241
0.00E+00,2242
0.00E+00,2243
0.00E+00,2244
0.00E+00,2245
0.00E+00,2246
0.00E+00,2247
0.00E+00,2248
0.00E+00,2249
0.00E+00,2250
0.00E+00,2251
0.00E+00,2252
0.00E+00,2253
0.00E+00,2254
0.00E+00,2255
0.00E+00,2256
0.00E+00,2257
0.00E+00,2258
0.00E+00,2259
0.00E+00,2260
0.00E+00,2261
0.00E+00,2262
0.00E+00,2263
0.00E+00,2264
0.00E+00,2265
0.00E+00,2266
0.00E+00,2267
0.00E+00,2268
0.00E+00,2269
0.00E+00,2270
0.00E+00,2271
0.00E+00,2272
0.00E+00,2273
0.00E+00,2274
0.00E+00,2275
0.00E+00,2276
0.00E+00,2277
0.00E+00,2278
0.00E+00,2279
0.00E+00,2280
0.00E+00,2281
0.00E+00,2282
0.00E+00,2283
0.00E+00,2284
0.00E+00,2285
0.00E+00,2286
2.00E+00,2287
0.00E+00,2288
0.00E+00,2289
0.00E+00,2290
5.00E+00,2291
5.00E+00,2292
5.00E+00,2293
5.00E+00,2294
5.00E+00,2295
0.00E+00,2296
0.00E+00,2297
0.00E+00,2298
0.00E+00,2299
2.00E+00,2300
5.00E+00,2301
0.00E+00,2302
2.00E+00,2303
2.00E+00,2304
2.00E+00,2305
2.00E+00,2306
2.00E+00,2307
2.00E+00,2308
2.00E+00,2309
2.00E+00,2310
2.00E+00,2311
2.00E+00,2312
2.00E+00,2313
2.00E+00,2314
2.00E+00,2315
2.00E+00,2316
2.00E+00,2317
2.00E+00,2318
2.00E+00,2319
2.00E+00,2320
2.00E+00,2321
2.00E+00,2322
2.00E+00,2323
2.00E+00,2324
2.00E+00,2325
2.00E+00,2326
2.00E+00,2327
2.00E+00,2328
2.00E+00,2329
2.00E+00,2330
2.00E+00,2331
2.00E+00,2332
2.00E+00,2333
2.00E+00,2334
2.00E+00,2335
2.00E+00,2336
2.00E+00,2337
2.00E+00,2338
2.00E+00,2339
2.00E+00,2340
2.00E+00,2341
2.00E+00,2342
2.00E+00,2343
2.00E+00,2344
2.00E+00,2345
0.00E+00,2346
2.00E+00,2347
2.00E+00,2348
2.00E+00,2349
2.00E+00,2350
2.00E+00,2351
2.00E+00,2352
2.00E+00,2353
2.00E+00,2354
2.00E+00,2355
2.00E+00,2356
2.00E+00,2357
2.00E+00,2358
2.00E+00,2359
2.00E+00,2360
2.00E+00,2361
2.00E+00,2362
2.00E+00,2363
7.00E+00,2364
0.00E+00,2365
7.00E+00,2366
7.00E+00,2367
7.00E+00,2368
7.00E+00,2369
7.00E+00,2370
7.00E+00,2371
7.00E+00,2372
2.00E+00,2373
2.00E+00,2374
2.00E+00,2375
2.00E+00,2376
2.00E+00,2377
2.00E+00,2378
2.00E+00,2379
2.00E+00,2380
7.00E+00,2381
7.00E+00,2382
7.00E+00,2383
7.00E+00,2384
7.00E+00,2385
7.00E+00,2386
7.00E+00,2387
7.00E+00,2388
7.00E+00,2389
7.00E+00,2390
7.00E+00,2391
7.00E+00,2392
7.00E+00,2393
7.00E+00,2394
7.00E+00,2395
7.00E+00,2396
7.00E+00,2397
7.00E+00,2398
7.00E+00,2399
0.00E+00,2400
0.00E+00,2401
0.00E+00,2402
7.00E+00,2403
0.00E+00,2404
0.00E+00,2405
0.00E+00,2406
0.00E+00,2407
0.00E+00,2408
7.00E+00,2409
5.00E+00,2410
5.00E+00,2411
5.00E+00,2412
4.00E+00,2413
4.00E+00,2414
4.00E+00,2415
0.00E+00,2416
5.00E+00,2417
5.00E+00,2418
5.00E+00,2419
2.00E+00,2420
2.00E+00,2421
2.00E+00,2422
2.00E+00,2423
2.00E+00,2424
2.00E+00,2425
2.00E+00,2426
2.00E+00,2427
2.00E+00,2428
2.00E+00,2429
2.00E+00,2430
2.00E+00,2431
2.00E+00,2432
2.00E+00,2433
2.00E+00,2434
2.00E+00,2435
2.00E+00,2436
2.00E+00,2437
2.00E+00,2438
2.00E+00,2439
2.00E+00,2440
6.00E+00,2441
0.00E+00,2442
7.00E+00,2443
7.00E+00,2444
9.00E+00,2445
8.00E+00,2446
7.00E+00,2447
-1.00E+00,2448
-1.00E+00,2449
2.00E+00,2450
2.00E+00,2451
0.00E+00,2452
0.00E+00,2453
0.00E+00,2454
5.00E+00,2455
1.00E+00,2456